[{"id":"user-image-546394.png","publicUrl":"np://user.desktop.nicepage.com/Site_910524932/images/546394.png","size":1794,"fileName":"546394.png","name":"546394","width":128,"height":128,"thumbnail":{"url":"np://user.desktop.nicepage.com/Site_910524932/images/thumbnails/546394.png","width":128,"height":128,"length":1794},"usages":["347821586"]},{"id":"user-image-520648.png","publicUrl":"np://user.desktop.nicepage.com/Site_910524932/images/520648.png","size":3090,"fileName":"520648.png","name":"520648","width":128,"height":128,"thumbnail":{"url":"np://user.desktop.nicepage.com/Site_910524932/images/thumbnails/520648.png","width":128,"height":128,"length":3090},"usages":["347821586"]},{"id":"user-image-prova-poseidone.jpg","publicUrl":"np://user.desktop.nicepage.com/Site_910524932/images/prova-poseidone.jpg","size":186788,"fileName":"prova-poseidone.jpg","name":"prova-poseidone","width":1200,"height":857,"thumbnail":{"url":"np://user.desktop.nicepage.com/Site_910524932/images/thumbnails/prova-poseidone.jpg","width":250,"height":179},"usages":["347821586"]},{"id":"user-image-poseidone-logo.jpg","publicUrl":"np://user.desktop.nicepage.com/Site_910524932/images/poseidone-logo.jpg","size":19274,"fileName":"poseidone-logo.jpg","name":"poseidone-logo","width":600,"height":115,"thumbnail":{"url":"np://user.desktop.nicepage.com/Site_910524932/images/thumbnails/poseidone-logo.jpg","width":250,"height":48},"usages":[]},{"id":"user-image-4341568.png","publicUrl":"np://user.desktop.nicepage.com/Site_910524932/images/4341568.png","size":5165,"fileName":"4341568.png","name":"4341568","width":128,"height":128,"thumbnail":{"url":"np://user.desktop.nicepage.com/Site_910524932/images/thumbnails/4341568.png","width":128,"height":128,"length":5165},"usages":["347821586"]},{"id":"user-image-1848239.png","publicUrl":"np://user.desktop.nicepage.com/Site_910524932/images/1848239.png","size":4558,"fileName":"1848239.png","name":"1848239","width":128,"height":128,"thumbnail":{"url":"np://user.desktop.nicepage.com/Site_910524932/images/thumbnails/1848239.png","width":128,"height":128,"length":4558},"usages":["347821586"]},{"id":"user-image-8902021.png","publicUrl":"np://user.desktop.nicepage.com/Site_910524932/images/8902021.png","size":3101,"fileName":"8902021.png","name":"8902021","width":128,"height":128,"thumbnail":{"url":"np://user.desktop.nicepage.com/Site_910524932/images/thumbnails/8902021.png","width":128,"height":128,"length":3101},"usages":["347821586"]},{"id":"user-image-25359961.png","publicUrl":"np://user.desktop.nicepage.com/Site_910524932/images/25359961.png","size":3784,"fileName":"25359961.png","name":"25359961","width":128,"height":128,"thumbnail":{"url":"np://user.desktop.nicepage.com/Site_910524932/images/thumbnails/25359961.png","width":128,"height":128,"length":3784},"usages":["347821586"]},{"id":"user-image-mobile_poseidone_bg1.jpg","publicUrl":"np://user.desktop.nicepage.com/Site_910524932/images/mobile_poseidone_bg1.jpg","size":164014,"fileName":"mobile_poseidone_bg1.jpg","name":"mobile_poseidone_bg1","width":1078,"height":1280,"thumbnail":{"url":"np://user.desktop.nicepage.com/Site_910524932/images/thumbnails/mobile_poseidone_bg1.jpg","width":211,"height":250},"usages":["347821586"]}]